CurrencyRateID,CurrencyRateDate,FromCurrencyCode,ToCurrencyCode,AverageRate,EndOfDayRate,ModifiedDate
1,00:00.0,USD,ARS,1,1.0002,00:00.0
2,00:00.0,USD,AUD,1.5491,1.55,00:00.0
3,00:00.0,USD,BRL,1.9379,1.9419,00:00.0
4,00:00.0,USD,CAD,1.4641,1.4683,00:00.0
5,00:00.0,USD,CNY,8.2781,8.2784,00:00.0
6,00:00.0,USD,DEM,1.8967,1.8976,00:00.0
7,00:00.0,USD,EUR,0.9697,0.9703,00:00.0
8,00:00.0,USD,FRF,6.3611,6.3613,00:00.0
9,00:00.0,USD,GBP,0.6183,0.6183,00:00.0
10,00:00.0,USD,JPY,104.91,104.958,00:00.0
11,00:00.0,USD,MXN,9.374,9.384,00:00.0
12,00:00.0,USD,SAR,3.7507,3.7584,00:00.0
13,00:00.0,USD,VEB,634.5099,634.6,00:00.0
14,00:00.0,USD,ARS,1,0.9991,00:00.0
15,00:00.0,USD,AUD,1.5559,1.5558,00:00.0
16,00:00.0,USD,BRL,1.9339,1.933,00:00.0
17,00:00.0,USD,CAD,1.4661,1.4637,00:00.0
18,00:00.0,USD,CNY,8.2781,8.2774,00:00.0
19,00:00.0,USD,DEM,1.8924,1.8922,00:00.0
20,00:00.0,USD,EUR,0.9676,0.967,00:00.0
21,00:00.0,USD,FRF,6.3468,6.3465,00:00.0
22,00:00.0,USD,GBP,0.6166,0.6162,00:00.0
23,00:00.0,USD,JPY,105.7,105.674,00:00.0
24,00:00.0,USD,MXN,9.3949,9.3919,00:00.0
25,00:00.0,USD,SAR,3.7507,3.7507,00:00.0
26,00:00.0,USD,VEB,634.25,634.24,00:00.0
27,00:00.0,USD,ARS,1,1.0004,00:00.0
28,00:00.0,USD,AUD,1.5592,1.5597,00:00.0
29,00:00.0,USD,BRL,1.9359,1.944,00:00.0
30,00:00.0,USD,CAD,1.4672,1.4734,00:00.0
31,00:00.0,USD,CNY,8.2781,8.2789,00:00.0
32,00:00.0,USD,DEM,1.8796,1.8802,00:00.0
33,00:00.0,USD,EUR,0.961,0.9615,00:00.0
34,00:00.0,USD,FRF,6.3041,6.3041,00:00.0
35,00:00.0,USD,GBP,0.6156,0.6163,00:00.0
36,00:00.0,USD,JPY,105.53,105.604,00:00.0
37,00:00.0,USD,MXN,9.355,9.355,00:00.0
38,00:00.0,USD,SAR,3.7505,3.757,00:00.0
39,00:00.0,USD,VEB,634.75,634.7999,00:00.0
40,00:00.0,USD,ARS,1,1,00:00.0
41,00:00.0,USD,AUD,1.5645,1.5634,00:00.0
42,00:00.0,USD,BRL,1.9295,1.925,00:00.0
43,00:00.0,USD,CAD,1.4672,1.4609,00:00.0
44,00:00.0,USD,CNY,8.2783,8.2782,00:00.0
45,00:00.0,USD,DEM,1.8811,1.8801,00:00.0
46,00:00.0,USD,EUR,0.9617,0.9617,00:00.0
47,00:00.0,USD,FRF,6.309,6.308,00:00.0
48,00:00.0,USD,GBP,0.6163,0.6159,00:00.0
49,00:00.0,USD,JPY,105.77,105.682,00:00.0
50,00:00.0,USD,MXN,9.346,9.3369,00:00.0
51,00:00.0,USD,SAR,3.7492,3.7416,00:00.0
52,00:00.0,USD,VEB,635.75,635.6599,00:00.0
53,00:00.0,USD,ARS,1,1.0004,00:00.0
54,00:00.0,USD,AUD,1.5667,1.567,00:00.0
55,00:00.0,USD,BRL,1.9319,1.937,00:00.0
56,00:00.0,USD,CAD,1.464,1.4673,00:00.0
57,00:00.0,USD,CNY,8.2784,8.2788,00:00.0
58,00:00.0,USD,DEM,1.8978,1.8984,00:00.0
59,00:00.0,USD,EUR,0.9704,0.9711,00:00.0
60,00:00.0,USD,FRF,6.3654,6.3658,00:00.0
61,00:00.0,USD,GBP,0.6185,0.6186,00:00.0
62,00:00.0,USD,JPY,106.11,106.182,00:00.0
63,00:00.0,USD,MXN,9.335,9.3369,00:00.0
64,00:00.0,USD,SAR,3.7507,3.7606,00:00.0
65,00:00.0,USD,VEB,636.25,636.33,00:00.0
66,00:00.0,USD,ARS,1,0.9995,00:00.0
67,00:00.0,USD,AUD,1.5642,1.5636,00:00.0
68,00:00.0,USD,BRL,1.933,1.925,00:00.0
69,00:00.0,USD,CAD,1.4641,1.4563,00:00.0
70,00:00.0,USD,CNY,8.2784,8.278,00:00.0
71,00:00.0,USD,DEM,1.9007,1.8997,00:00.0
72,00:00.0,USD,EUR,0.9718,0.9715,00:00.0
73,00:00.0,USD,FRF,6.3746,6.3742,00:00.0
74,00:00.0,USD,GBP,0.6179,0.6173,00:00.0
75,00:00.0,USD,JPY,106.42,106.403,00:00.0
76,00:00.0,USD,MXN,9.335,9.327,00:00.0
77,00:00.0,USD,SAR,3.7507,3.75,00:00.0
78,00:00.0,USD,VEB,636.25,636.25,00:00.0
79,00:00.0,USD,ARS,1,1.0005,00:00.0
80,00:00.0,USD,AUD,1.5645,1.5652,00:00.0
81,00:00.0,USD,BRL,1.933,1.9379,00:00.0
82,00:00.0,USD,CAD,1.4621,1.4661,00:00.0
83,00:00.0,USD,CNY,8.2784,8.2784,00:00.0
84,00:00.0,USD,DEM,1.8987,1.899,00:00.0
85,00:00.0,USD,EUR,0.9708,0.9716,00:00.0
86,00:00.0,USD,FRF,6.3678,6.3681,00:00.0
87,00:00.0,USD,GBP,0.6177,0.6179,00:00.0
88,00:00.0,USD,JPY,106.38,106.4479,00:00.0
89,00:00.0,USD,MXN,9.335,9.3439,00:00.0
90,00:00.0,USD,SAR,3.7509,3.7566,00:00.0
91,00:00.0,USD,VEB,636.25,636.2899,00:00.0
92,00:00.0,USD,ARS,1,0.9998,00:00.0
93,00:00.0,USD,AUD,1.5679,1.5678,00:00.0
94,00:00.0,USD,BRL,1.933,1.923,00:00.0
95,00:00.0,USD,CAD,1.4623,1.4604,00:00.0
96,00:00.0,USD,CNY,8.2784,8.2779,00:00.0
97,00:00.0,USD,DEM,1.8965,1.8957,00:00.0
98,00:00.0,USD,EUR,0.9697,0.969,00:00.0
99,00:00.0,USD,FRF,6.3605,6.3605,00:00.0
100,00:00.0,USD,GBP,0.6171,0.6163,00:00.0
101,00:00.0,USD,JPY,105.74,105.7159,00:00.0
102,00:00.0,USD,MXN,9.325,9.323,00:00.0
103,00:00.0,USD,SAR,3.7507,3.741,00:00.0
104,00:00.0,USD,VEB,636.3999,636.32,00:00.0
105,00:00.0,USD,ARS,1,1.0008,00:00.0
106,00:00.0,USD,AUD,1.5726,1.5734,00:00.0
107,00:00.0,USD,BRL,1.933,1.9339,00:00.0
108,00:00.0,USD,CAD,1.4658,1.4752,00:00.0
109,00:00.0,USD,CNY,8.2783,8.2786,00:00.0
110,00:00.0,USD,DEM,1.8967,1.8971,00:00.0
111,00:00.0,USD,EUR,0.9697,0.9706,00:00.0
112,00:00.0,USD,FRF,6.3611,6.3613,00:00.0
113,00:00.0,USD,GBP,0.6159,0.6163,00:00.0
114,00:00.0,USD,JPY,104.47,104.54,00:00.0
115,00:00.0,USD,MXN,9.3399,9.3399,00:00.0
116,00:00.0,USD,SAR,3.7507,3.7555,00:00.0
117,00:00.0,USD,VEB,636.75,636.84,00:00.0
118,00:00.0,USD,ARS,1,0.9998,00:00.0
119,00:00.0,USD,AUD,1.581,1.581,00:00.0
120,00:00.0,USD,BRL,1.929,1.9199,00:00.0
121,00:00.0,USD,CAD,1.4678,1.4588,00:00.0
122,00:00.0,USD,CNY,8.2783,8.2779,00:00.0
123,00:00.0,USD,DEM,1.9117,1.9109,00:00.0
124,00:00.0,USD,EUR,0.9774,0.977,00:00.0
125,00:00.0,USD,FRF,6.4115,6.4109,00:00.0
126,00:00.0,USD,GBP,0.6191,0.6189,00:00.0
127,00:00.0,USD,JPY,104.56,104.548,00:00.0
128,00:00.0,USD,MXN,9.307,9.2989,00:00.0
129,00:00.0,USD,SAR,3.7507,3.7502,00:00.0
130,00:00.0,USD,VEB,637.25,637.1699,00:00.0
131,00:00.0,USD,ARS,1,1.0004,00:00.0
132,00:00.0,USD,AUD,1.5768,1.5772,00:00.0
133,00:00.0,USD,BRL,1.9299,1.931,00:00.0
134,00:00.0,USD,CAD,1.4679,1.4738,00:00.0
135,00:00.0,USD,CNY,8.237,8.2379,00:00.0
136,00:00.0,USD,DEM,1.9192,1.9194,00:00.0
137,00:00.0,USD,EUR,0.9812,0.9812,00:00.0
138,00:00.0,USD,FRF,6.4366,6.4366,00:00.0
139,00:00.0,USD,GBP,0.6202,0.621,00:00.0
140,00:00.0,USD,JPY,104.41,104.459,00:00.0
141,00:00.0,USD,MXN,9.31,9.3109,00:00.0
142,00:00.0,USD,SAR,3.7507,3.7597,00:00.0
143,00:00.0,USD,VEB,637.5,637.57,00:00.0
144,00:00.0,USD,ARS,1,0.9991,00:00.0
145,00:00.0,USD,AUD,1.5701,1.5694,00:00.0
146,00:00.0,USD,BRL,1.9265,1.9219,00:00.0
147,00:00.0,USD,CAD,1.4672,1.4662,00:00.0
148,00:00.0,USD,CNY,8.237,8.2369,00:00.0
149,00:00.0,USD,DEM,1.9292,1.9287,00:00.0
150,00:00.0,USD,EUR,0.9864,0.9859,00:00.0
151,00:00.0,USD,FRF,6.4702,6.4695,00:00.0
152,00:00.0,USD,GBP,0.6208,0.62,00:00.0
153,00:00.0,USD,JPY,103.99,103.909,00:00.0
154,00:00.0,USD,MXN,9.3599,9.352,00:00.0
155,00:00.0,USD,SAR,3.7505,3.7492,00:00.0
156,00:00.0,USD,VEB,637.75,637.75,00:00.0
157,00:00.0,USD,ARS,1,1.0004,00:00.0
158,00:00.0,USD,AUD,1.5686,1.5687,00:00.0
159,00:00.0,USD,BRL,1.9239,1.927,00:00.0
160,00:00.0,USD,CAD,1.4678,1.4714,00:00.0
161,00:00.0,USD,CNY,8.237,8.2373,00:00.0
162,00:00.0,USD,DEM,1.9231,1.9236,00:00.0
163,00:00.0,USD,EUR,0.9832,0.9834,00:00.0
164,00:00.0,USD,FRF,6.4499,6.4505,00:00.0
165,00:00.0,USD,GBP,0.6231,0.6232,00:00.0
166,00:00.0,USD,JPY,101.85,101.923,00:00.0
167,00:00.0,USD,MXN,9.3599,9.3599,00:00.0
168,00:00.0,USD,SAR,3.7507,3.7524,00:00.0
169,00:00.0,USD,VEB,638.5,638.58,00:00.0
170,00:00.0,USD,ARS,1,0.9992,00:00.0
171,00:00.0,USD,AUD,1.5769,1.5767,00:00.0
172,00:00.0,USD,BRL,1.9239,1.9179,00:00.0
173,00:00.0,USD,CAD,1.4683,1.4644,00:00.0
174,00:00.0,USD,CNY,8.237,8.2367,00:00.0
175,00:00.0,USD,DEM,1.9265,1.9262,00:00.0
176,00:00.0,USD,EUR,0.9849,0.9844,00:00.0
177,00:00.0,USD,FRF,6.4614,6.4607,00:00.0
178,00:00.0,USD,GBP,0.6229,0.6227,00:00.0
179,00:00.0,USD,JPY,102.55,102.4929,00:00.0
180,00:00.0,USD,MXN,9.3599,9.358,00:00.0
181,00:00.0,USD,SAR,3.7507,3.7448,00:00.0
182,00:00.0,USD,VEB,638.5,638.4199,00:00.0
183,00:00.0,USD,ARS,1,1.0007,00:00.0
184,00:00.0,USD,AUD,1.5708,1.5708,00:00.0
185,00:00.0,USD,BRL,1.9239,1.925,00:00.0
186,00:00.0,USD,CAD,1.4724,1.4738,00:00.0
187,00:00.0,USD,CNY,8.237,8.2375,00:00.0
188,00:00.0,USD,DEM,1.9345,1.9353,00:00.0
189,00:00.0,USD,EUR,0.989,0.9897,00:00.0
190,00:00.0,USD,FRF,6.4882,6.4886,00:00.0
191,00:00.0,USD,GBP,0.6238,0.6243,00:00.0
192,00:00.0,USD,JPY,102.33,102.394,00:00.0
193,00:00.0,USD,MXN,9.3499,9.351,00:00.0
194,00:00.0,USD,SAR,3.7505,3.7595,00:00.0
195,00:00.0,USD,VEB,638.5,638.5299,00:00.0
196,00:00.0,USD,ARS,1,0.999,00:00.0
197,00:00.0,USD,AUD,1.5741,1.5739,00:00.0
198,00:00.0,USD,BRL,1.9239,1.9139,00:00.0
199,00:00.0,USD,CAD,1.4742,1.4723,00:00.0
200,00:00.0,USD,CNY,8.237,8.2367,00:00.0
201,00:00.0,USD,DEM,1.9393,1.9391,00:00.0
202,00:00.0,USD,EUR,0.9916,0.9907,00:00.0
203,00:00.0,USD,FRF,6.5042,6.5038,00:00.0
204,00:00.0,USD,GBP,0.6256,0.6247,00:00.0
205,00:00.0,USD,JPY,102.09,102.055,00:00.0
206,00:00.0,USD,MXN,9.3499,9.343,00:00.0
207,00:00.0,USD,SAR,3.7505,3.7496,00:00.0
208,00:00.0,USD,VEB,638.5,638.5,00:00.0
209,00:00.0,USD,ARS,1,1.0007,00:00.0
210,00:00.0,USD,AUD,1.5706,1.5712,00:00.0
211,00:00.0,USD,BRL,1.9239,1.933,00:00.0
212,00:00.0,USD,CAD,1.4744,1.4755,00:00.0
213,00:00.0,USD,CNY,8.237,8.2372,00:00.0
214,00:00.0,USD,DEM,1.9378,1.9379,00:00.0
215,00:00.0,USD,EUR,0.9908,0.9911,00:00.0
216,00:00.0,USD,FRF,6.4991,6.4999,00:00.0
217,00:00.0,USD,GBP,0.6252,0.6256,00:00.0
218,00:00.0,USD,JPY,102.34,102.406,00:00.0
219,00:00.0,USD,MXN,9.3499,9.3499,00:00.0
220,00:00.0,USD,SAR,3.7505,3.7545,00:00.0
221,00:00.0,USD,VEB,638.5,638.5499,00:00.0
222,00:00.0,USD,ARS,1,0.9991,00:00.0
223,00:00.0,USD,AUD,1.5792,1.5786,00:00.0
224,00:00.0,USD,BRL,1.9239,1.9219,00:00.0
225,00:00.0,USD,CAD,1.48,1.4702,00:00.0
226,00:00.0,USD,CNY,8.237,8.237,00:00.0
227,00:00.0,USD,DEM,1.9443,1.9441,00:00.0
228,00:00.0,USD,EUR,0.994,0.9939,00:00.0
229,00:00.0,USD,FRF,6.521,6.5208,00:00.0
230,00:00.0,USD,GBP,0.6254,0.6248,00:00.0
231,00:00.0,USD,JPY,102.57,102.542,00:00.0
232,00:00.0,USD,MXN,9.3499,9.348,00:00.0
233,00:00.0,USD,SAR,3.7505,3.7442,00:00.0
234,00:00.0,USD,VEB,638.5,638.48,00:00.0
235,00:00.0,USD,ARS,1,1.0001,00:00.0
236,00:00.0,USD,AUD,1.5823,1.5831,00:00.0
237,00:00.0,USD,BRL,1.9239,1.933,00:00.0
238,00:00.0,USD,CAD,1.4802,1.4861,00:00.0
239,00:00.0,USD,CNY,8.237,8.2378,00:00.0
240,00:00.0,USD,DEM,1.9531,1.9531,00:00.0
241,00:00.0,USD,EUR,0.9986,0.999,00:00.0
242,00:00.0,USD,FRF,6.5503,6.5511,00:00.0
243,00:00.0,USD,GBP,0.6248,0.6254,00:00.0
244,00:00.0,USD,JPY,102.47,102.477,00:00.0
245,00:00.0,USD,MXN,9.3499,9.358,00:00.0
246,00:00.0,USD,SAR,3.7505,3.7578,00:00.0
247,00:00.0,USD,VEB,638.5,638.5099,00:00.0
248,00:00.0,USD,ARS,1,0.9993,00:00.0
249,00:00.0,USD,AUD,1.5825,1.5822,00:00.0
250,00:00.0,USD,BRL,1.9239,1.9179,00:00.0
251,00:00.0,USD,CAD,1.4823,1.4817,00:00.0
252,00:00.0,USD,CNY,8.237,8.2367,00:00.0
253,00:00.0,USD,DEM,1.9519,1.9516,00:00.0
254,00:00.0,USD,EUR,0.998,0.9973,00:00.0
255,00:00.0,USD,FRF,6.5465,6.5456,00:00.0
256,00:00.0,USD,GBP,0.6248,0.6245,00:00.0
257,00:00.0,USD,JPY,102.85,102.784,00:00.0
258,00:00.0,USD,MXN,9.3499,9.345,00:00.0
259,00:00.0,USD,SAR,3.7505,3.7482,00:00.0
260,00:00.0,USD,VEB,638.5,638.4299,00:00.0
261,00:00.0,USD,ARS,1,1.0004,00:00.0
262,00:00.0,USD,AUD,1.5808,1.5817,00:00.0
263,00:00.0,USD,BRL,1.9239,1.9279,00:00.0
264,00:00.0,USD,CAD,1.4795,1.4872,00:00.0
265,00:00.0,USD,CNY,8.237,8.237,00:00.0
266,00:00.0,USD,DEM,1.951,1.9511,00:00.0
267,00:00.0,USD,EUR,0.9975,0.9977,00:00.0
268,00:00.0,USD,FRF,6.5431,6.5434,00:00.0
269,00:00.0,USD,GBP,0.6245,0.6251,00:00.0
270,00:00.0,USD,JPY,102.705,102.803,00:00.0
271,00:00.0,USD,MXN,9.3499,9.352,00:00.0
272,00:00.0,USD,SAR,3.7505,3.753,00:00.0
273,00:00.0,USD,VEB,638.5,638.5499,00:00.0
274,00:00.0,USD,ARS,1,0.9995,00:00.0
275,00:00.0,USD,AUD,1.58,1.579,00:00.0
276,00:00.0,USD,BRL,1.9239,1.9179,00:00.0
277,00:00.0,USD,CAD,1.4799,1.4701,00:00.0
278,00:00.0,USD,CNY,8.237,8.237,00:00.0
279,00:00.0,USD,DEM,1.9271,1.9266,00:00.0
280,00:00.0,USD,EUR,0.9852,0.9848,00:00.0
281,00:00.0,USD,FRF,6.4633,6.4631,00:00.0
282,00:00.0,USD,GBP,0.6211,0.6201,00:00.0
283,00:00.0,USD,JPY,102.43,102.398,00:00.0
284,00:00.0,USD,MXN,9.3499,9.3439,00:00.0
285,00:00.0,USD,SAR,3.7505,3.7503,00:00.0
286,00:00.0,USD,VEB,638.5,638.46,00:00.0
287,00:00.0,USD,ARS,1,1.0004,00:00.0
288,00:00.0,USD,AUD,1.5736,1.5739,00:00.0
289,00:00.0,USD,BRL,1.9239,1.927,00:00.0
290,00:00.0,USD,CAD,1.475,1.4793,00:00.0
291,00:00.0,USD,CNY,8.237,8.2373,00:00.0
292,00:00.0,USD,DEM,1.9128,1.9135,00:00.0
293,00:00.0,USD,EUR,0.9779,0.9782,00:00.0
294,00:00.0,USD,FRF,6.4151,6.4154,00:00.0
295,00:00.0,USD,GBP,0.6159,0.6163,00:00.0
296,00:00.0,USD,JPY,102.8,102.849,00:00.0
297,00:00.0,USD,MXN,9.4649,9.4749,00:00.0
298,00:00.0,USD,SAR,3.7505,3.758,00:00.0
299,00:00.0,USD,VEB,638.5,638.57,00:00.0
300,00:00.0,USD,ARS,1,0.999,00:00.0
301,00:00.0,USD,AUD,1.5686,1.5685,00:00.0
302,00:00.0,USD,BRL,1.866,1.865,00:00.0
303,00:00.0,USD,CAD,1.4785,1.4717,00:00.0
304,00:00.0,USD,CNY,8.237,8.2368,00:00.0
305,00:00.0,USD,DEM,1.9085,1.9079,00:00.0
306,00:00.0,USD,EUR,0.9758,0.9754,00:00.0
307,00:00.0,USD,FRF,6.4008,6.4002,00:00.0
308,00:00.0,USD,GBP,0.6149,0.614,00:00.0
309,00:00.0,USD,JPY,102.815,102.77,00:00.0
310,00:00.0,USD,MXN,9.4619,9.461,00:00.0
311,00:00.0,USD,SAR,3.7507,3.7458,00:00.0
312,00:00.0,USD,VEB,642.0099,642,00:00.0
313,00:00.0,USD,ARS,1,1,00:00.0
314,00:00.0,USD,AUD,1.5649,1.5653,00:00.0
315,00:00.0,USD,BRL,1.868,1.87,00:00.0
316,00:00.0,USD,CAD,1.4757,1.4832,00:00.0
317,00:00.0,USD,CNY,8.237,8.2377,00:00.0
318,00:00.0,USD,DEM,1.915,1.9153,00:00.0
319,00:00.0,USD,EUR,0.979,0.9795,00:00.0
320,00:00.0,USD,FRF,6.4227,6.423,00:00.0
321,00:00.0,USD,GBP,0.6156,0.6158,00:00.0
322,00:00.0,USD,JPY,102.96,103.044,00:00.0
323,00:00.0,USD,MXN,9.435,9.442,00:00.0
324,00:00.0,USD,SAR,3.7507,3.7597,00:00.0
325,00:00.0,USD,VEB,642.5,642.58,00:00.0
326,00:00.0,USD,ARS,0.9996,0.9989,00:00.0
327,00:00.0,USD,AUD,1.5752,1.5745,00:00.0
328,00:00.0,USD,BRL,1.866,1.861,00:00.0
329,00:00.0,USD,CAD,1.4779,1.4725,00:00.0
330,00:00.0,USD,CNY,8.237,8.237,00:00.0
331,00:00.0,USD,DEM,1.9271,1.9265,00:00.0
332,00:00.0,USD,EUR,0.9852,0.9847,00:00.0
333,00:00.0,USD,FRF,6.4633,6.4631,00:00.0
334,00:00.0,USD,GBP,0.6161,0.6159,00:00.0
335,00:00.0,USD,JPY,102.42,102.408,00:00.0
336,00:00.0,USD,MXN,9.4124,9.4079,00:00.0
337,00:00.0,USD,SAR,3.7505,3.7412,00:00.0
338,00:00.0,USD,VEB,642.75,642.73,00:00.0
339,00:00.0,USD,ARS,0.9996,0.9997,00:00.0
340,00:00.0,USD,AUD,1.5768,1.577,00:00.0
341,00:00.0,USD,BRL,1.864,1.869,00:00.0
342,00:00.0,USD,CAD,1.479,1.4806,00:00.0
343,00:00.0,USD,CNY,8.237,8.2376,00:00.0
344,00:00.0,USD,DEM,1.9301,1.9311,00:00.0
345,00:00.0,USD,EUR,0.9869,0.9869,00:00.0
346,00:00.0,USD,FRF,6.4734,6.4736,00:00.0
347,00:00.0,USD,GBP,0.6166,0.6169,00:00.0
348,00:00.0,USD,JPY,102.35,102.449,00:00.0
349,00:00.0,USD,MXN,9.39,9.394,00:00.0
350,00:00.0,USD,SAR,3.7507,3.7538,00:00.0
351,00:00.0,USD,VEB,642.5,642.5399,00:00.0
352,00:00.0,USD,ARS,0.9996,0.9993,00:00.0
353,00:00.0,USD,AUD,1.5743,1.574,00:00.0
354,00:00.0,USD,BRL,1.864,1.856,00:00.0
355,00:00.0,USD,CAD,1.4774,1.477,00:00.0
356,00:00.0,USD,CNY,8.237,8.237,00:00.0
357,00:00.0,USD,DEM,1.9305,1.9298,00:00.0
358,00:00.0,USD,EUR,0.987,0.9864,00:00.0
359,00:00.0,USD,FRF,6.4748,6.4743,00:00.0
360,00:00.0,USD,GBP,0.6168,0.6159,00:00.0
361,00:00.0,USD,JPY,102.42,102.409,00:00.0
362,00:00.0,USD,MXN,9.39,9.38,00:00.0
363,00:00.0,USD,SAR,3.7507,3.744,00:00.0
364,00:00.0,USD,VEB,642.5,642.5,00:00.0
365,00:00.0,USD,ARS,0.9996,1.0002,00:00.0
366,00:00.0,USD,AUD,1.5743,1.5748,00:00.0
367,00:00.0,USD,BRL,1.857,1.86,00:00.0
368,00:00.0,USD,CAD,1.4792,1.4835,00:00.0
369,00:00.0,USD,CNY,8.237,8.2376,00:00.0
370,00:00.0,USD,DEM,1.9317,1.9319,00:00.0
371,00:00.0,USD,EUR,0.9877,0.9885,00:00.0
372,00:00.0,USD,FRF,6.4786,6.4791,00:00.0
373,00:00.0,USD,GBP,0.616,0.6162,00:00.0
374,00:00.0,USD,JPY,102.68,102.768,00:00.0
375,00:00.0,USD,MXN,9.4169,9.425,00:00.0
376,00:00.0,USD,SAR,3.7507,3.753,00:00.0
377,00:00.0,USD,VEB,643,643.0099,00:00.0
378,00:00.0,USD,ARS,0.9996,0.999,00:00.0
379,00:00.0,USD,AUD,1.5741,1.5738,00:00.0
380,00:00.0,USD,BRL,1.848,1.841,00:00.0
381,00:00.0,USD,CAD,1.4812,1.4774,00:00.0
382,00:00.0,USD,CNY,8.2794,8.2789,00:00.0
383,00:00.0,USD,DEM,1.9441,1.9437,00:00.0
384,00:00.0,USD,EUR,0.9939,0.9936,00:00.0
385,00:00.0,USD,FRF,6.5204,6.5199,00:00.0
386,00:00.0,USD,GBP,0.619,0.6189,00:00.0
387,00:00.0,USD,JPY,103.36,103.298,00:00.0
388,00:00.0,USD,MXN,9.4139,9.406,00:00.0
389,00:00.0,USD,SAR,3.7507,3.7458,00:00.0
390,00:00.0,USD,VEB,643.8999,643.7999,00:00.0
391,00:00.0,USD,ARS,0.9996,1.0001,00:00.0
392,00:00.0,USD,AUD,1.5748,1.5749,00:00.0
393,00:00.0,USD,BRL,1.852,1.858,00:00.0
394,00:00.0,USD,CAD,1.4842,1.4857,00:00.0
395,00:00.0,USD,CNY,8.2794,8.2799,00:00.0
396,00:00.0,USD,DEM,1.949,1.9494,00:00.0
397,00:00.0,USD,EUR,0.9965,0.9967,00:00.0
398,00:00.0,USD,FRF,6.5366,6.5368,00:00.0
399,00:00.0,USD,GBP,0.6226,0.6227,00:00.0
400,00:00.0,USD,JPY,103.58,103.631,00:00.0
401,00:00.0,USD,MXN,9.3819,9.3889,00:00.0
402,00:00.0,USD,SAR,3.7507,3.7534,00:00.0
403,00:00.0,USD,VEB,644,644.0299,00:00.0
404,00:00.0,USD,ARS,0.9996,0.9989,00:00.0
405,00:00.0,USD,AUD,1.5601,1.5593,00:00.0
406,00:00.0,USD,BRL,1.8425,1.837,00:00.0
407,00:00.0,USD,CAD,1.4782,1.4773,00:00.0
408,00:00.0,USD,CNY,8.2794,8.2788,00:00.0
409,00:00.0,USD,DEM,1.928,1.9271,00:00.0
410,00:00.0,USD,EUR,0.9858,0.9854,00:00.0
411,00:00.0,USD,FRF,6.4664,6.4661,00:00.0
412,00:00.0,USD,GBP,0.6198,0.6189,00:00.0
413,00:00.0,USD,JPY,103,102.995,00:00.0
414,00:00.0,USD,MXN,9.365,9.3559,00:00.0
415,00:00.0,USD,SAR,3.7505,3.7467,00:00.0
416,00:00.0,USD,VEB,644,643.9299,00:00.0
417,00:00.0,USD,ARS,0.9996,1.0004,00:00.0
418,00:00.0,USD,AUD,1.5564,1.5568,00:00.0
419,00:00.0,USD,BRL,1.8169,1.822,00:00.0
420,00:00.0,USD,CAD,1.4778,1.48,00:00.0
421,00:00.0,USD,CNY,8.2794,8.2796,00:00.0
422,00:00.0,USD,DEM,1.9145,1.9147,00:00.0
423,00:00.0,USD,EUR,0.9788,0.9797,00:00.0
424,00:00.0,USD,FRF,6.4208,6.4211,00:00.0
425,00:00.0,USD,GBP,0.6205,0.621,00:00.0
426,00:00.0,USD,JPY,103.1,103.119,00:00.0
427,00:00.0,USD,MXN,9.3399,9.343,00:00.0
428,00:00.0,USD,SAR,3.7505,3.7605,00:00.0
429,00:00.0,USD,VEB,644.25,644.33,00:00.0
430,00:00.0,USD,ARS,0.9996,0.999,00:00.0
431,00:00.0,USD,AUD,1.5564,1.5557,00:00.0
432,00:00.0,USD,BRL,1.8109,1.804,00:00.0
433,00:00.0,USD,CAD,1.4755,1.4711,00:00.0
434,00:00.0,USD,CNY,8.2794,8.2786,00:00.0
435,00:00.0,USD,DEM,1.9413,1.9403,00:00.0
436,00:00.0,USD,EUR,0.9926,0.9918,00:00.0
437,00:00.0,USD,FRF,6.5106,6.5098,00:00.0
438,00:00.0,USD,GBP,0.6231,0.6226,00:00.0
439,00:00.0,USD,JPY,103.28,103.262,00:00.0
440,00:00.0,USD,MXN,9.3399,9.3379,00:00.0
441,00:00.0,USD,SAR,3.7507,3.7486,00:00.0
442,00:00.0,USD,VEB,644.05,644,00:00.0
443,00:00.0,USD,ARS,0.9996,0.9997,00:00.0
444,00:00.0,USD,AUD,1.5564,1.557,00:00.0
445,00:00.0,USD,BRL,1.8109,1.82,00:00.0
446,00:00.0,USD,CAD,1.4777,1.4859,00:00.0
447,00:00.0,USD,CNY,8.2794,8.2797,00:00.0
448,00:00.0,USD,DEM,1.94,1.9403,00:00.0
449,00:00.0,USD,EUR,0.9919,0.9925,00:00.0
450,00:00.0,USD,FRF,6.5068,6.5072,00:00.0
451,00:00.0,USD,GBP,0.6228,0.623,00:00.0
452,00:00.0,USD,JPY,103.17,103.179,00:00.0
453,00:00.0,USD,MXN,9.3399,9.348,00:00.0
454,00:00.0,USD,SAR,3.7507,3.7551,00:00.0
455,00:00.0,USD,VEB,644.05,644.0599,00:00.0
456,00:00.0,USD,ARS,0.9996,0.9991,00:00.0
457,00:00.0,USD,AUD,1.5579,1.5573,00:00.0
458,00:00.0,USD,BRL,1.8109,1.8009,00:00.0
459,00:00.0,USD,CAD,1.4801,1.4726,00:00.0
460,00:00.0,USD,CNY,8.2794,8.2789,00:00.0
461,00:00.0,USD,DEM,1.9399,1.9391,00:00.0
462,00:00.0,USD,EUR,0.9919,0.9917,00:00.0
463,00:00.0,USD,FRF,6.5061,6.5061,00:00.0
464,00:00.0,USD,GBP,0.6225,0.622,00:00.0
465,00:00.0,USD,JPY,102.91,102.821,00:00.0
466,00:00.0,USD,MXN,9.3399,9.335,00:00.0
467,00:00.0,USD,SAR,3.7507,3.7446,00:00.0
468,00:00.0,USD,VEB,644.05,644.0499,00:00.0
469,00:00.0,USD,ARS,0.9996,1.0004,00:00.0
470,00:00.0,USD,AUD,1.5551,1.5551,00:00.0
471,00:00.0,USD,BRL,1.827,1.833,00:00.0
472,00:00.0,USD,CAD,1.4802,1.4825,00:00.0
473,00:00.0,USD,CNY,8.2794,8.28,00:00.0
474,00:00.0,USD,DEM,1.9374,1.9375,00:00.0
475,00:00.0,USD,EUR,0.9906,0.9913,00:00.0
476,00:00.0,USD,FRF,6.4977,6.4981,00:00.0
477,00:00.0,USD,GBP,0.6212,0.6216,00:00.0
478,00:00.0,USD,JPY,102.2,102.22,00:00.0
479,00:00.0,USD,MXN,9.319,9.3239,00:00.0
480,00:00.0,USD,SAR,3.7507,3.7591,00:00.0
481,00:00.0,USD,VEB,644.25,644.33,00:00.0
482,00:00.0,USD,ARS,0.9996,0.9991,00:00.0
483,00:00.0,USD,AUD,1.5516,1.5508,00:00.0
484,00:00.0,USD,BRL,1.821,1.818,00:00.0
485,00:00.0,USD,CAD,1.4772,1.4712,00:00.0
486,00:00.0,USD,CNY,8.2794,8.2794,00:00.0
487,00:00.0,USD,DEM,1.9402,1.9395,00:00.0
488,00:00.0,USD,EUR,0.992,0.9917,00:00.0
489,00:00.0,USD,FRF,6.5075,6.5065,00:00.0
490,00:00.0,USD,GBP,0.621,0.6206,00:00.0
491,00:00.0,USD,JPY,101.72,101.646,00:00.0
492,00:00.0,USD,MXN,9.317,9.3119,00:00.0
493,00:00.0,USD,SAR,3.7505,3.7462,00:00.0
494,00:00.0,USD,VEB,645.0099,644.95,00:00.0
495,00:00.0,USD,ARS,0.9996,1,00:00.0
496,00:00.0,USD,AUD,1.5528,1.5529,00:00.0
497,00:00.0,USD,BRL,1.83,1.833,00:00.0
498,00:00.0,USD,CAD,1.4755,1.4782,00:00.0
499,00:00.0,USD,CNY,8.2795,8.2797,00:00.0
500,00:00.0,USD,DEM,1.9379,1.9387,00:00.0
501,00:00.0,USD,EUR,0.9909,0.9909,00:00.0
502,00:00.0,USD,FRF,6.4997,6.5007,00:00.0
503,00:00.0,USD,GBP,0.6211,0.6212,00:00.0
504,00:00.0,USD,JPY,101.65,101.739,00:00.0
505,00:00.0,USD,MXN,9.38,9.384,00:00.0
506,00:00.0,USD,SAR,3.7505,3.7566,00:00.0
507,00:00.0,USD,VEB,645.5,645.5099,00:00.0
508,00:00.0,USD,ARS,0.9996,0.9993,00:00.0
509,00:00.0,USD,AUD,1.5551,1.5548,00:00.0
510,00:00.0,USD,BRL,1.833,1.83,00:00.0
511,00:00.0,USD,CAD,1.47,1.4616,00:00.0
512,00:00.0,USD,CNY,8.2794,8.2792,00:00.0
513,00:00.0,USD,DEM,1.9301,1.9295,00:00.0
514,00:00.0,USD,EUR,0.9869,0.9868,00:00.0
515,00:00.0,USD,FRF,6.4734,6.4734,00:00.0
516,00:00.0,USD,GBP,0.6182,0.6178,00:00.0
517,00:00.0,USD,JPY,102.8,102.717,00:00.0
518,00:00.0,USD,MXN,9.425,9.4199,00:00.0
519,00:00.0,USD,SAR,3.7505,3.7496,00:00.0
520,00:00.0,USD,VEB,646.0099,645.9099,00:00.0
521,00:00.0,USD,ARS,0.9996,1.0004,00:00.0
522,00:00.0,USD,AUD,1.5549,1.5559,00:00.0
523,00:00.0,USD,BRL,1.832,1.84,00:00.0
524,00:00.0,USD,CAD,1.4679,1.4773,00:00.0
525,00:00.0,USD,CNY,8.2794,8.2799,00:00.0
526,00:00.0,USD,DEM,1.9298,1.93,00:00.0
527,00:00.0,USD,EUR,0.9867,0.987,00:00.0
528,00:00.0,USD,FRF,6.4722,6.4732,00:00.0
529,00:00.0,USD,GBP,0.618,0.6189,00:00.0
530,00:00.0,USD,JPY,102.94,102.968,00:00.0
531,00:00.0,USD,MXN,9.435,9.4369,00:00.0
532,00:00.0,USD,SAR,3.7505,3.7559,00:00.0
533,00:00.0,USD,VEB,646.25,646.25,00:00.0
534,00:00.0,USD,ARS,0.9996,0.9991,00:00.0
535,00:00.0,USD,AUD,1.5538,1.5538,00:00.0
536,00:00.0,USD,BRL,1.832,1.825,00:00.0
537,00:00.0,USD,CAD,1.468,1.4674,00:00.0
538,00:00.0,USD,CNY,8.2794,8.2792,00:00.0
539,00:00.0,USD,DEM,1.9317,1.9314,00:00.0
540,00:00.0,USD,EUR,0.9877,0.9874,00:00.0
541,00:00.0,USD,FRF,6.4786,6.4783,00:00.0
542,00:00.0,USD,GBP,0.6191,0.619,00:00.0
543,00:00.0,USD,JPY,102.91,102.869,00:00.0
544,00:00.0,USD,MXN,9.435,9.432,00:00.0
545,00:00.0,USD,SAR,3.7505,3.7458,00:00.0
546,00:00.0,USD,VEB,646.25,646.21,00:00.0
547,00:00.0,USD,ARS,0.9996,1.0003,00:00.0
548,00:00.0,USD,AUD,1.5528,1.5531,00:00.0
549,00:00.0,USD,BRL,1.8285,1.833,00:00.0
550,00:00.0,USD,CAD,1.464,1.4646,00:00.0
551,00:00.0,USD,CNY,8.2796,8.2805,00:00.0
552,00:00.0,USD,DEM,1.9311,1.9319,00:00.0
553,00:00.0,USD,EUR,0.9874,0.9879,00:00.0
554,00:00.0,USD,FRF,6.4767,6.4776,00:00.0
555,00:00.0,USD,GBP,0.6192,0.6199,00:00.0
556,00:00.0,USD,JPY,102.54,102.552,00:00.0
557,00:00.0,USD,MXN,9.4755,9.48,00:00.0
558,00:00.0,USD,SAR,3.7505,3.7557,00:00.0
559,00:00.0,USD,VEB,647,647.0299,00:00.0
560,00:00.0,USD,ARS,0.9996,0.9995,00:00.0
561,00:00.0,USD,AUD,1.5528,1.5527,00:00.0
562,00:00.0,USD,BRL,1.8285,1.821,00:00.0
563,00:00.0,USD,CAD,1.464,1.4633,00:00.0
564,00:00.0,USD,CNY,8.2796,8.2795,00:00.0
565,00:00.0,USD,DEM,1.9311,1.9307,00:00.0
566,00:00.0,USD,EUR,0.9874,0.9874,00:00.0
567,00:00.0,USD,FRF,6.4767,6.4759,00:00.0
568,00:00.0,USD,GBP,0.6192,0.6183,00:00.0
569,00:00.0,USD,JPY,102.54,102.483,00:00.0
570,00:00.0,USD,MXN,9.4755,9.4689,00:00.0
571,00:00.0,USD,SAR,3.7505,3.746,00:00.0
572,00:00.0,USD,VEB,647,646.95,00:00.0
573,00:00.0,USD,ARS,0.9999,0.9999,00:00.0
574,00:00.0,USD,AUD,1.548,1.5481,00:00.0
575,00:00.0,USD,BRL,1.83,1.837,00:00.0
576,00:00.0,USD,CAD,1.4509,1.4544,00:00.0
577,00:00.0,USD,CNY,8.2805,8.2814,00:00.0
578,00:00.0,USD,DEM,1.9427,1.9435,00:00.0
579,00:00.0,USD,EUR,0.9932,0.9933,00:00.0
580,00:00.0,USD,FRF,6.5155,6.516,00:00.0
581,00:00.0,USD,GBP,0.6195,0.62,00:00.0
582,00:00.0,USD,JPY,102.4,102.496,00:00.0
583,00:00.0,USD,MXN,9.4656,9.471,00:00.0
584,00:00.0,USD,SAR,3.7505,3.7538,00:00.0
585,00:00.0,USD,VEB,648,648.0599,00:00.0
586,00:00.0,USD,ARS,0.9998,0.999,00:00.0
587,00:00.0,USD,AUD,1.5367,1.5359,00:00.0
588,00:00.0,USD,BRL,1.81,1.81,00:00.0
589,00:00.0,USD,CAD,1.4529,1.4495,00:00.0
590,00:00.0,USD,CNY,8.2803,8.2799,00:00.0
591,00:00.0,USD,DEM,1.9479,1.947,00:00.0
592,00:00.0,USD,EUR,0.9959,0.9956,00:00.0
593,00:00.0,USD,FRF,6.5328,6.5324,00:00.0
594,00:00.0,USD,GBP,0.6186,0.6182,00:00.0
595,00:00.0,USD,JPY,102.229,102.2039,00:00.0
596,00:00.0,USD,MXN,9.5061,9.505,00:00.0
597,00:00.0,USD,SAR,3.7505,3.7439,00:00.0
598,00:00.0,USD,VEB,648.25,648.19,00:00.0
599,00:00.0,USD,ARS,0.9999,1.0003,00:00.0
600,00:00.0,USD,AUD,1.5367,1.5374,00:00.0
601,00:00.0,USD,BRL,1.81,1.8149,00:00.0
602,00:00.0,USD,CAD,1.4529,1.4559,00:00.0
603,00:00.0,USD,CNY,8.2803,8.2803,00:00.0
604,00:00.0,USD,DEM,1.9479,1.9487,00:00.0
605,00:00.0,USD,EUR,0.9959,0.9968,00:00.0
606,00:00.0,USD,FRF,6.5328,6.5332,00:00.0
607,00:00.0,USD,GBP,0.6186,0.6193,00:00.0
608,00:00.0,USD,JPY,102.229,102.282,00:00.0
609,00:00.0,USD,MXN,9.5061,9.512,00:00.0
610,00:00.0,USD,SAR,3.7505,3.7513,00:00.0
611,00:00.0,USD,VEB,648.25,648.2799,00:00.0
612,00:00.0,USD,ARS,0.9999,0.9998,00:00.0
613,00:00.0,USD,AUD,1.5237,1.5233,00:00.0
614,00:00.0,USD,BRL,1.8069,1.8049,00:00.0
615,00:00.0,USD,CAD,1.4464,1.4463,00:00.0
616,00:00.0,USD,CNY,8.2803,8.28,00:00.0
617,00:00.0,USD,DEM,1.9421,1.9412,00:00.0
618,00:00.0,USD,EUR,0.9929,0.9923,00:00.0
619,00:00.0,USD,FRF,6.514,6.5136,00:00.0
620,00:00.0,USD,GBP,0.6181,0.6175,00:00.0
621,00:00.0,USD,JPY,102.31,102.2429,00:00.0
622,00:00.0,USD,MXN,9.49,9.486,00:00.0
623,00:00.0,USD,SAR,3.7509,3.7475,00:00.0
624,00:00.0,USD,VEB,649,649,00:00.0
625,00:00.0,USD,ARS,0.9999,1.0005,00:00.0
626,00:00.0,USD,AUD,1.5256,1.5257,00:00.0
627,00:00.0,USD,BRL,1.8069,1.808,00:00.0
628,00:00.0,USD,CAD,1.446,1.456,00:00.0
629,00:00.0,USD,CNY,8.2803,8.2804,00:00.0
630,00:00.0,USD,DEM,1.9451,1.9457,00:00.0
631,00:00.0,USD,EUR,0.9945,0.9947,00:00.0
632,00:00.0,USD,FRF,6.5236,6.5237,00:00.0
633,00:00.0,USD,GBP,0.6185,0.6189,00:00.0
634,00:00.0,USD,JPY,102.21,102.227,00:00.0
635,00:00.0,USD,MXN,9.5199,9.5289,00:00.0
636,00:00.0,USD,SAR,3.7507,3.7587,00:00.0
637,00:00.0,USD,VEB,649.25,649.25,00:00.0
638,00:00.0,USD,ARS,0.9999,0.999,00:00.0
639,00:00.0,USD,AUD,1.524,1.5238,00:00.0
640,00:00.0,USD,BRL,1.8069,1.7969,00:00.0
641,00:00.0,USD,CAD,1.4461,1.4416,00:00.0
642,00:00.0,USD,CNY,8.2803,8.2799,00:00.0
643,00:00.0,USD,DEM,1.9453,1.9452,00:00.0
644,00:00.0,USD,EUR,0.9946,0.9942,00:00.0
645,00:00.0,USD,FRF,6.5243,6.5236,00:00.0
646,00:00.0,USD,GBP,0.6185,0.6182,00:00.0
647,00:00.0,USD,JPY,102.2,102.185,00:00.0
648,00:00.0,USD,MXN,9.5199,9.5139,00:00.0
649,00:00.0,USD,SAR,3.7505,3.7423,00:00.0
650,00:00.0,USD,VEB,649.25,649.1799,00:00.0
651,00:00.0,USD,ARS,0.9999,1.0001,00:00.0
652,00:00.0,USD,AUD,1.5201,1.5201,00:00.0
653,00:00.0,USD,BRL,1.8149,1.8169,00:00.0
654,00:00.0,USD,CAD,1.4469,1.453,00:00.0
655,00:00.0,USD,CNY,8.2805,8.2806,00:00.0
656,00:00.0,USD,DEM,1.9071,1.9075,00:00.0
657,00:00.0,USD,EUR,0.975,0.9758,00:00.0
658,00:00.0,USD,FRF,6.3962,6.3964,00:00.0
659,00:00.0,USD,GBP,0.6109,0.6118,00:00.0
660,00:00.0,USD,JPY,101.65,101.657,00:00.0
661,00:00.0,USD,MXN,9.41,9.4199,00:00.0
662,00:00.0,USD,SAR,3.7507,3.7572,00:00.0
663,00:00.0,USD,VEB,649.75,649.7699,00:00.0
664,00:00.0,USD,ARS,0.9999,0.9993,00:00.0
665,00:00.0,USD,AUD,1.5271,1.5268,00:00.0
666,00:00.0,USD,BRL,1.85,1.85,00:00.0
667,00:00.0,USD,CAD,1.4521,1.4426,00:00.0
668,00:00.0,USD,CNY,8.2806,8.2797,00:00.0
669,00:00.0,USD,DEM,1.8977,1.8971,00:00.0
670,00:00.0,USD,EUR,0.9703,0.97,00:00.0
671,00:00.0,USD,FRF,6.3651,6.3642,00:00.0
672,00:00.0,USD,GBP,0.6114,0.6107,00:00.0
673,00:00.0,USD,JPY,103.304,103.294,00:00.0
674,00:00.0,USD,MXN,9.5792,9.5719,00:00.0
675,00:00.0,USD,SAR,3.7509,3.7505,00:00.0
676,00:00.0,USD,VEB,650.5,650.49,00:00.0
677,00:00.0,USD,ARS,0.9999,1,00:00.0
678,00:00.0,USD,AUD,1.5192,1.5194,00:00.0
679,00:00.0,USD,BRL,1.852,1.856,00:00.0
680,00:00.0,USD,CAD,1.4494,1.4498,00:00.0
681,00:00.0,USD,CNY,8.2805,8.2811,00:00.0
682,00:00.0,USD,DEM,1.8955,1.8956,00:00.0
683,00:00.0,USD,EUR,0.969,0.9693,00:00.0
684,00:00.0,USD,FRF,6.3571,6.3578,00:00.0
685,00:00.0,USD,GBP,0.6092,0.6096,00:00.0
686,00:00.0,USD,JPY,104.305,104.372,00:00.0
687,00:00.0,USD,MXN,9.5229,9.5269,00:00.0
688,00:00.0,USD,SAR,3.7505,3.7572,00:00.0
689,00:00.0,USD,VEB,650.0099,650.0499,00:00.0
690,00:00.0,USD,ARS,0.9999,0.9999,00:00.0
691,00:00.0,USD,AUD,1.5296,1.5287,00:00.0
692,00:00.0,USD,BRL,1.842,1.832,00:00.0
693,00:00.0,USD,CAD,1.4598,1.4542,00:00.0
694,00:00.0,USD,CNY,8.2805,8.2803,00:00.0
695,00:00.0,USD,DEM,1.8965,1.8956,00:00.0
696,00:00.0,USD,EUR,0.9697,0.9689,00:00.0
697,00:00.0,USD,FRF,6.3605,6.3601,00:00.0
698,00:00.0,USD,GBP,0.6075,0.6075,00:00.0
699,00:00.0,USD,JPY,105.269,105.206,00:00.0
700,00:00.0,USD,MXN,9.57,9.5619,00:00.0
701,00:00.0,USD,SAR,3.7505,3.7477,00:00.0
702,00:00.0,USD,VEB,650.5099,650.48,00:00.0
703,00:00.0,USD,ARS,0.9996,0.9999,00:00.0
704,00:00.0,USD,AUD,1.5271,1.5281,00:00.0
705,00:00.0,USD,BRL,1.829,1.836,00:00.0
706,00:00.0,USD,CAD,1.4568,1.4584,00:00.0
707,00:00.0,USD,CNY,8.2802,8.2807,00:00.0
708,00:00.0,USD,DEM,1.9008,1.9012,00:00.0
709,00:00.0,USD,EUR,0.9718,0.9719,00:00.0
710,00:00.0,USD,FRF,6.375,6.3761,00:00.0
711,00:00.0,USD,GBP,0.6105,0.6111,00:00.0
712,00:00.0,USD,JPY,105.376,105.452,00:00.0
713,00:00.0,USD,MXN,9.4749,9.4789,00:00.0
714,00:00.0,USD,SAR,3.7505,3.7565,00:00.0
715,00:00.0,USD,VEB,650.75,650.7999,00:00.0
716,00:00.0,USD,ARS,0.9996,0.9988,00:00.0
717,00:00.0,USD,AUD,1.5271,1.5269,00:00.0
718,00:00.0,USD,BRL,1.829,1.821,00:00.0
719,00:00.0,USD,CAD,1.4581,1.4493,00:00.0
720,00:00.0,USD,CNY,8.2802,8.2797,00:00.0
721,00:00.0,USD,DEM,1.8996,1.8995,00:00.0
722,00:00.0,USD,EUR,0.9713,0.9707,00:00.0
723,00:00.0,USD,FRF,6.371,6.3701,00:00.0
724,00:00.0,USD,GBP,0.61,0.6099,00:00.0
725,00:00.0,USD,JPY,105.25,105.212,00:00.0
726,00:00.0,USD,MXN,9.4749,9.467,00:00.0
727,00:00.0,USD,SAR,3.7505,3.7504,00:00.0
728,00:00.0,USD,VEB,650.75,650.71,00:00.0
729,00:00.0,USD,ARS,0.9996,1,00:00.0
730,00:00.0,USD,AUD,1.5269,1.527,00:00.0
731,00:00.0,USD,BRL,1.829,1.829,00:00.0
732,00:00.0,USD,CAD,1.4564,1.4574,00:00.0
733,00:00.0,USD,CNY,8.2802,8.2805,00:00.0
734,00:00.0,USD,DEM,1.9007,1.9011,00:00.0
735,00:00.0,USD,EUR,0.9718,0.9721,00:00.0
736,00:00.0,USD,FRF,6.3746,6.375,00:00.0
737,00:00.0,USD,GBP,0.6099,0.6104,00:00.0
738,00:00.0,USD,JPY,105.124,105.176,00:00.0
739,00:00.0,USD,MXN,9.4749,9.48,00:00.0
740,00:00.0,USD,SAR,3.7505,3.7524,00:00.0
741,00:00.0,USD,VEB,650.75,650.83,00:00.0
742,00:00.0,USD,ARS,0.9999,0.9999,00:00.0
743,00:00.0,USD,AUD,1.5238,1.5235,00:00.0
744,00:00.0,USD,BRL,1.8149,1.8089,00:00.0
745,00:00.0,USD,CAD,1.456,1.453,00:00.0
746,00:00.0,USD,CNY,8.2802,8.28,00:00.0
747,00:00.0,USD,DEM,1.9078,1.907,00:00.0
748,00:00.0,USD,EUR,0.9755,0.9748,00:00.0
749,00:00.0,USD,FRF,6.3987,6.3987,00:00.0
750,00:00.0,USD,GBP,0.6111,0.6104,00:00.0
751,00:00.0,USD,JPY,105.2,105.154,00:00.0
752,00:00.0,USD,MXN,9.4649,9.457,00:00.0
753,00:00.0,USD,SAR,3.7503,3.7502,00:00.0
754,00:00.0,USD,VEB,652,651.97,00:00.0
755,00:00.0,USD,ARS,0.9999,1.0003,00:00.0
756,00:00.0,USD,AUD,1.5206,1.5213,00:00.0
757,00:00.0,USD,BRL,1.823,1.825,00:00.0
758,00:00.0,USD,CAD,1.4578,1.4625,00:00.0
759,00:00.0,USD,CNY,8.2803,8.2811,00:00.0
760,00:00.0,USD,DEM,1.893,1.8936,00:00.0
761,00:00.0,USD,EUR,0.9678,0.9681,00:00.0
762,00:00.0,USD,FRF,6.3487,6.3489,00:00.0
763,00:00.0,USD,GBP,0.6069,0.6071,00:00.0
764,00:00.0,USD,JPY,106.061,106.086,00:00.0
765,00:00.0,USD,MXN,9.522,9.5229,00:00.0
766,00:00.0,USD,SAR,3.7504,3.7585,00:00.0
767,00:00.0,USD,VEB,651.75,651.75,00:00.0
768,00:00.0,USD,ARS,0.9999,0.999,00:00.0
769,00:00.0,USD,AUD,1.5187,1.5185,00:00.0
770,00:00.0,USD,BRL,1.829,1.821,00:00.0
771,00:00.0,USD,CAD,1.454,1.4535,00:00.0
772,00:00.0,USD,CNY,8.2804,8.2803,00:00.0
773,00:00.0,USD,DEM,1.8978,1.8976,00:00.0
774,00:00.0,USD,EUR,0.9704,0.9697,00:00.0
775,00:00.0,USD,FRF,6.3651,6.3646,00:00.0
776,00:00.0,USD,GBP,0.607,0.6065,00:00.0
777,00:00.0,USD,JPY,105.97,105.9,00:00.0
778,00:00.0,USD,MXN,9.5427,9.541,00:00.0
779,00:00.0,USD,SAR,3.7504,3.7484,00:00.0
780,00:00.0,USD,VEB,652.6499,652.5599,00:00.0
781,00:00.0,USD,ARS,0.9998,1.0003,00:00.0
782,00:00.0,USD,AUD,1.4998,1.5003,00:00.0
783,00:00.0,USD,BRL,1.8129,1.8149,00:00.0
784,00:00.0,USD,CAD,1.4508,1.4552,00:00.0
785,00:00.0,USD,CNY,8.2805,8.2815,00:00.0
786,00:00.0,USD,DEM,1.9075,1.9077,00:00.0
787,00:00.0,USD,EUR,0.9752,0.9758,00:00.0
788,00:00.0,USD,FRF,6.3975,6.3977,00:00.0
789,00:00.0,USD,GBP,0.6075,0.6076,00:00.0
790,00:00.0,USD,JPY,106.15,106.2,00:00.0
791,00:00.0,USD,MXN,9.4849,9.492,00:00.0
792,00:00.0,USD,SAR,3.7504,3.753,00:00.0
793,00:00.0,USD,VEB,652.5,652.5299,00:00.0
794,00:00.0,USD,ARS,0.9992,0.9989,00:00.0
795,00:00.0,USD,AUD,1.5015,1.5004,00:00.0
796,00:00.0,USD,BRL,1.8049,1.8,00:00.0
797,00:00.0,USD,CAD,1.45,1.4421,00:00.0
798,00:00.0,USD,CNY,8.2805,8.2797,00:00.0
799,00:00.0,USD,DEM,1.9285,1.9276,00:00.0
800,00:00.0,USD,EUR,0.9859,0.9857,00:00.0
801,00:00.0,USD,FRF,6.4679,6.4679,00:00.0
802,00:00.0,USD,GBP,0.6119,0.6115,00:00.0
803,00:00.0,USD,JPY,105.794,105.759,00:00.0
804,00:00.0,USD,MXN,9.4299,9.422,00:00.0
805,00:00.0,USD,SAR,3.7503,3.746,00:00.0
806,00:00.0,USD,VEB,651.85,651.8099,00:00.0
807,00:00.0,USD,ARS,0.9992,0.9996,00:00.0
808,00:00.0,USD,AUD,1.5038,1.5044,00:00.0
809,00:00.0,USD,BRL,1.8049,1.814,00:00.0
810,00:00.0,USD,CAD,1.45,1.4515,00:00.0
811,00:00.0,USD,CNY,8.2805,8.2809,00:00.0
812,00:00.0,USD,DEM,1.9296,1.9303,00:00.0
813,00:00.0,USD,EUR,0.9866,0.9875,00:00.0
814,00:00.0,USD,FRF,6.4715,6.4721,00:00.0
815,00:00.0,USD,GBP,0.6116,0.6118,00:00.0
816,00:00.0,USD,JPY,106.08,106.124,00:00.0
817,00:00.0,USD,MXN,9.4299,9.4369,00:00.0
818,00:00.0,USD,SAR,3.7503,3.7519,00:00.0
819,00:00.0,USD,VEB,651.85,651.9099,00:00.0
820,00:00.0,USD,ARS,0.9992,0.999,00:00.0
821,00:00.0,USD,AUD,1.5025,1.502,00:00.0
822,00:00.0,USD,BRL,1.8049,1.8049,00:00.0
823,00:00.0,USD,CAD,1.4502,1.441,00:00.0
824,00:00.0,USD,CNY,8.2805,8.2797,00:00.0
825,00:00.0,USD,DEM,1.9289,1.9283,00:00.0
826,00:00.0,USD,EUR,0.9861,0.9859,00:00.0
827,00:00.0,USD,FRF,6.4692,6.4688,00:00.0
828,00:00.0,USD,GBP,0.6116,0.6109,00:00.0
829,00:00.0,USD,JPY,105.906,105.854,00:00.0
830,00:00.0,USD,MXN,9.4299,9.4269,00:00.0
831,00:00.0,USD,SAR,3.7503,3.745,00:00.0
832,00:00.0,USD,VEB,651.85,651.84,00:00.0
833,00:00.0,USD,ARS,0.9999,1.0004,00:00.0
834,00:00.0,USD,AUD,1.5041,1.5045,00:00.0
835,00:00.0,USD,BRL,1.794,1.8,00:00.0
836,00:00.0,USD,CAD,1.4501,1.46,00:00.0
837,00:00.0,USD,CNY,8.28,8.2809,00:00.0
838,00:00.0,USD,DEM,1.934,1.9346,00:00.0
839,00:00.0,USD,EUR,0.9889,0.9899,00:00.0
840,00:00.0,USD,FRF,6.4866,6.4877,00:00.0
841,00:00.0,USD,GBP,0.6128,0.6128,00:00.0
842,00:00.0,USD,JPY,104.896,104.896,00:00.0
843,00:00.0,USD,MXN,9.429,9.4339,00:00.0
844,00:00.0,USD,SAR,3.7504,3.7536,00:00.0
845,00:00.0,USD,VEB,652.25,652.2899,00:00.0
846,00:00.0,USD,ARS,0.9999,0.999,00:00.0
847,00:00.0,USD,AUD,1.5017,1.5012,00:00.0
848,00:00.0,USD,BRL,1.7929,1.788,00:00.0
849,00:00.0,USD,CAD,1.4507,1.4409,00:00.0
850,00:00.0,USD,CNY,8.28,8.2791,00:00.0
851,00:00.0,USD,DEM,1.9307,1.9303,00:00.0
852,00:00.0,USD,EUR,0.987,0.9862,00:00.0
853,00:00.0,USD,FRF,6.4752,6.4749,00:00.0
854,00:00.0,USD,GBP,0.6109,0.6102,00:00.0
855,00:00.0,USD,JPY,105.744,105.693,00:00.0
856,00:00.0,USD,MXN,9.4183,9.4139,00:00.0
857,00:00.0,USD,SAR,3.7505,3.7498,00:00.0
858,00:00.0,USD,VEB,653.1,653.0199,00:00.0
859,00:00.0,USD,ARS,0.9998,1.0001,00:00.0
860,00:00.0,USD,AUD,1.5074,1.5082,00:00.0
861,00:00.0,USD,BRL,1.792,1.798,00:00.0
862,00:00.0,USD,CAD,1.452,1.4556,00:00.0
863,00:00.0,USD,CNY,8.2805,8.2813,00:00.0
864,00:00.0,USD,DEM,1.9321,1.9325,00:00.0
865,00:00.0,USD,EUR,0.9879,0.9883,00:00.0
866,00:00.0,USD,FRF,6.4804,6.4804,00:00.0
867,00:00.0,USD,GBP,0.6084,0.6092,00:00.0
868,00:00.0,USD,JPY,105.399,105.4929,00:00.0
869,00:00.0,USD,MXN,9.4137,9.423,00:00.0
870,00:00.0,USD,SAR,3.7505,3.7555,00:00.0
871,00:00.0,USD,VEB,653,653.0499,00:00.0
872,00:00.0,USD,ARS,0.9998,0.9996,00:00.0
873,00:00.0,USD,AUD,1.5027,1.5024,00:00.0
874,00:00.0,USD,BRL,1.784,1.7789,00:00.0
875,00:00.0,USD,CAD,1.4474,1.4413,00:00.0
876,00:00.0,USD,CNY,8.2802,8.2792,00:00.0
877,00:00.0,USD,DEM,1.9228,1.9228,00:00.0
878,00:00.0,USD,EUR,0.983,0.9829,00:00.0
879,00:00.0,USD,FRF,6.4486,6.4481,00:00.0
880,00:00.0,USD,GBP,0.6046,0.6041,00:00.0
881,00:00.0,USD,JPY,105.33,105.261,00:00.0
882,00:00.0,USD,MXN,9.4407,9.435,00:00.0
883,00:00.0,USD,SAR,3.7505,3.7452,00:00.0
884,00:00.0,USD,VEB,653.55,653.5,00:00.0
885,00:00.0,USD,ARS,0.9995,1.0001,00:00.0
886,00:00.0,USD,AUD,1.5101,1.5106,00:00.0
887,00:00.0,USD,BRL,1.7729,1.7769,00:00.0
888,00:00.0,USD,CAD,1.4415,1.446,00:00.0
889,00:00.0,USD,CNY,8.2803,8.2812,00:00.0
890,00:00.0,USD,DEM,1.9386,1.9389,00:00.0
891,00:00.0,USD,EUR,0.9911,0.9919,00:00.0
892,00:00.0,USD,FRF,6.5016,6.5019,00:00.0
893,00:00.0,USD,GBP,0.6065,0.607,00:00.0
894,00:00.0,USD,JPY,104.85,104.919,00:00.0
895,00:00.0,USD,MXN,9.48,9.486,00:00.0
896,00:00.0,USD,SAR,3.7505,3.7593,00:00.0
897,00:00.0,USD,VEB,653.0099,653.0499,00:00.0
898,00:00.0,USD,ARS,0.9995,0.999,00:00.0
899,00:00.0,USD,AUD,1.5076,1.5075,00:00.0
900,00:00.0,USD,BRL,1.7729,1.766,00:00.0
901,00:00.0,USD,CAD,1.4415,1.4335,00:00.0
902,00:00.0,USD,CNY,8.2803,8.2799,00:00.0
903,00:00.0,USD,DEM,1.9386,1.9377,00:00.0
904,00:00.0,USD,EUR,0.9911,0.9903,00:00.0
905,00:00.0,USD,FRF,6.5016,6.5012,00:00.0
906,00:00.0,USD,GBP,0.6065,0.6062,00:00.0
907,00:00.0,USD,JPY,104.85,104.781,00:00.0
908,00:00.0,USD,MXN,9.468,9.4659,00:00.0
909,00:00.0,USD,SAR,3.7505,3.7408,00:00.0
910,00:00.0,USD,VEB,653.0099,652.94,00:00.0
911,00:00.0,USD,ARS,0.9995,1,00:00.0
912,00:00.0,USD,AUD,1.5076,1.5085,00:00.0
913,00:00.0,USD,BRL,1.7729,1.776,00:00.0
914,00:00.0,USD,CAD,1.4415,1.445,00:00.0
915,00:00.0,USD,CNY,8.2803,8.2803,00:00.0
916,00:00.0,USD,DEM,1.9386,1.9395,00:00.0
917,00:00.0,USD,EUR,0.9911,0.9915,00:00.0
918,00:00.0,USD,FRF,6.5016,6.5016,00:00.0
919,00:00.0,USD,GBP,0.6065,0.6069,00:00.0
920,00:00.0,USD,JPY,105.261,105.264,00:00.0
921,00:00.0,USD,MXN,9.468,9.4749,00:00.0
922,00:00.0,USD,SAR,3.7505,3.7564,00:00.0
923,00:00.0,USD,VEB,653.0099,653.1,00:00.0
924,00:00.0,USD,ARS,0.9999,0.9996,00:00.0
925,00:00.0,USD,AUD,1.529,1.5281,00:00.0
926,00:00.0,USD,BRL,1.7729,1.768,00:00.0
927,00:00.0,USD,CAD,1.4433,1.4393,00:00.0
928,00:00.0,USD,CNY,8.2797,8.2796,00:00.0
929,00:00.0,USD,DEM,1.9435,1.9433,00:00.0
930,00:00.0,USD,EUR,0.9937,0.993,00:00.0
931,00:00.0,USD,FRF,6.5183,6.5179,00:00.0
932,00:00.0,USD,GBP,0.6057,0.6054,00:00.0
933,00:00.0,USD,JPY,105.685,105.63,00:00.0
934,00:00.0,USD,MXN,9.5312,9.5259,00:00.0
935,00:00.0,USD,SAR,3.7505,3.7423,00:00.0
936,00:00.0,USD,VEB,654.45,654.4199,00:00.0
937,00:00.0,USD,ARS,0.9998,1.0001,00:00.0
938,00:00.0,USD,AUD,1.526,1.5266,00:00.0
939,00:00.0,USD,BRL,1.7769,1.778,00:00.0
940,00:00.0,USD,CAD,1.4376,1.4438,00:00.0
941,00:00.0,USD,CNY,8.2794,8.28,00:00.0
942,00:00.0,USD,DEM,1.9537,1.9543,00:00.0
943,00:00.0,USD,EUR,0.9989,0.9993,00:00.0
944,00:00.0,USD,FRF,6.5522,6.5525,00:00.0
945,00:00.0,USD,GBP,0.608,0.6086,00:00.0
946,00:00.0,USD,JPY,106.021,106.033,00:00.0
947,00:00.0,USD,MXN,9.5292,9.5359,00:00.0
948,00:00.0,USD,SAR,3.7507,3.7561,00:00.0
949,00:00.0,USD,VEB,654.5,654.5399,00:00.0
950,00:00.0,USD,ARS,0.9998,0.9989,00:00.0
951,00:00.0,USD,AUD,1.5348,1.5347,00:00.0
952,00:00.0,USD,BRL,1.7789,1.772,00:00.0
953,00:00.0,USD,CAD,1.4384,1.4333,00:00.0
954,00:00.0,USD,CNY,8.2789,8.2783,00:00.0
955,00:00.0,USD,DEM,1.9527,1.952,00:00.0
956,00:00.0,USD,EUR,0.9983,0.9975,00:00.0
957,00:00.0,USD,FRF,6.5491,6.5484,00:00.0
958,00:00.0,USD,GBP,0.6102,0.6098,00:00.0
959,00:00.0,USD,JPY,105.703,105.632,00:00.0
960,00:00.0,USD,MXN,9.5137,9.5109,00:00.0
961,00:00.0,USD,SAR,3.7505,3.7437,00:00.0
962,00:00.0,USD,VEB,655.25,655.24,00:00.0
963,00:00.0,USD,ARS,0.9998,1.0001,00:00.0
964,00:00.0,USD,AUD,1.5283,1.5293,00:00.0
965,00:00.0,USD,BRL,1.78,1.786,00:00.0
966,00:00.0,USD,CAD,1.4357,1.4382,00:00.0
967,00:00.0,USD,CNY,8.279,8.2797,00:00.0
968,00:00.0,USD,DEM,1.9798,1.98,00:00.0
969,00:00.0,USD,EUR,1.0122,1.0125,00:00.0
970,00:00.0,USD,FRF,6.6398,6.6409,00:00.0
971,00:00.0,USD,GBP,0.6102,0.6111,00:00.0
972,00:00.0,USD,JPY,105.193,105.1949,00:00.0
973,00:00.0,USD,MXN,9.5403,9.5449,00:00.0
974,00:00.0,USD,SAR,3.7505,3.757,00:00.0
975,00:00.0,USD,VEB,655.25,655.3099,00:00.0
976,00:00.0,USD,ARS,1,0.9991,00:00.0
977,00:00.0,USD,AUD,1.576,1.5758,00:00.0
978,00:00.0,USD,BRL,1.794,1.7909,00:00.0
979,00:00.0,USD,CAD,1.4461,1.4398,00:00.0
980,00:00.0,USD,CNY,8.2789,8.278,00:00.0
981,00:00.0,USD,DEM,2.0032,2.0024,00:00.0
982,00:00.0,USD,EUR,1.0242,1.0236,00:00.0
983,00:00.0,USD,FRF,6.7186,6.7183,00:00.0
984,00:00.0,USD,GBP,0.6177,0.6172,00:00.0
985,00:00.0,USD,JPY,107.17,107.147,00:00.0
986,00:00.0,USD,MXN,9.6099,9.6039,00:00.0
987,00:00.0,USD,SAR,3.7505,3.7433,00:00.0
988,00:00.0,USD,VEB,654.6499,654.61,00:00.0
989,00:00.0,USD,ARS,1,1.0002,00:00.0
990,00:00.0,USD,AUD,1.576,1.5764,00:00.0
991,00:00.0,USD,BRL,1.798,1.8,00:00.0
992,00:00.0,USD,CAD,1.4472,1.454,00:00.0
993,00:00.0,USD,CNY,8.2789,8.2796,00:00.0
994,00:00.0,USD,DEM,2.0019,2.0023,00:00.0
995,00:00.0,USD,EUR,1.0235,1.0241,00:00.0
996,00:00.0,USD,FRF,6.714,6.7148,00:00.0
997,00:00.0,USD,GBP,0.6177,0.6179,00:00.0
998,00:00.0,USD,JPY,107.09,107.095,00:00.0
999,00:00.0,USD,MXN,9.6099,9.617,00:00.0
1000,00:00.0,USD,SAR,3.7505,3.7536,00:00.0
